{
    "parameters": {
        "a": {
            "value": -0.04837811773117093,
            "error": 0.010329579490634571
        },
        "b": {
            "value": 0.8245147284519803,
            "error": 0.02214574355181547
        },
        "c": {
            "value": 0.5451353060594131,
            "error": 0.01631571335408057
        },
        "d": {
            "value": 319.38114652711624,
            "error": 15.121112502300665
        },
        "e": {
            "value": 881.7905820337959,
            "error": 29.368638115918053
        },
        "f": {
            "value": 752.6538214719839,
            "error": 37.960287512131686
        }
    },
    "fval": 1266357.6285319133,
    "edm": 2.379253861080549e-06,
    "is_valid": true,
    "correlation_matrix": {
        